{"cameraMode":{"drawMode":0,"name":"Shaded","section":"Shading Mode"},"sceneLighting":true,"audioPlay":false,"sceneViewState":{"m_AlwaysRefresh":false,"showFog":true,"showSkybox":true,"showFlares":true,"showImageEffects":true,"showParticleSystems":true,"showVisualEffectGraphs":true,"m_FxEnabled":true},"in2DMode":false,"pivot":{"x":-0.7598653435707092,"y":-0.3006015121936798,"z":3.377185344696045},"rotation":{"x":0.028499629348516465,"y":-0.6828664541244507,"z":0.026623478159308435,"w":0.7297966480255127},"size":6.787111282348633,"orthographic":true}