{"cameraMode":{"drawMode":0,"name":"Shaded","section":"Shading Mode"},"sceneLighting":true,"audioPlay":false,"sceneViewState":{"m_AlwaysRefresh":false,"showFog":true,"showSkybox":true,"showFlares":true,"showImageEffects":true,"showParticleSystems":true,"showVisualEffectGraphs":true,"m_FxEnabled":true},"in2DMode":false,"pivot":{"x":1.2457932233810425,"y":0.22707685828208924,"z":5.1969733238220219},"rotation":{"x":0.007299024611711502,"y":-0.7047995328903198,"z":0.007127388846129179,"w":0.7094265818595886},"size":5.8699564933776859,"orthographic":true}