{"cameraMode":{"drawMode":0,"name":"Shaded","section":"Shading Mode"},"sceneLighting":true,"audioPlay":false,"sceneViewState":{"m_AlwaysRefresh":false,"showFog":true,"showSkybox":true,"showFlares":true,"showImageEffects":true,"showParticleSystems":true,"showVisualEffectGraphs":true,"m_FxEnabled":true},"in2DMode":false,"pivot":{"x":-0.15742512047290803,"y":0.8141409754753113,"z":1.165130376815796},"rotation":{"x":-0.01556507870554924,"y":0.9828220009803772,"z":-0.15578512847423554,"w":-0.09819840639829636},"size":1.8494361639022828,"orthographic":true}